Year,Stock,Sector,PE_Ratio,EPS,ROE,Debt_to_Equity,Revenue,Profit,Revenue_Growth,Profit_Growth
2020,ASIANPAINT,Consumer_Durables,94.74690018901208,31.61308126284734,0.21942271546443703,0.11489216279696139,289413500000.0,30305700000.0,,
2021,ASIANPAINT,Consumer_Durables,94.74690018901208,31.61308126284734,0.21942271546443703,0.11489216279696139,289413500000.0,30305700000.0,,
2022,ASIANPAINT,Consumer_Durables,94.74690018901208,31.61308126284734,0.21942271546443703,0.11489216279696139,289413500000.0,30305700000.0,,
2023,ASIANPAINT,Consumer_Durables,77.6935459705051,42.836013539307615,0.25677782273016336,0.12084743653636798,343887100000.0,41064500000.0,0.18822066005905047,0.35500912369620236
2024,ASIANPAINT,Consumer_Durables,39.6253135628537,56.95783126733154,0.29154968683756666,0.13211984002819263,353954200000.0,54602300000.0,0.029274433382351358,0.32967161416795526
2025,ASIANPAINT,Consumer_Durables,72.10424777576817,38.25433499293917,0.18903432559391045,0.11805734179870833,338151700000.0,36672300000.0,-0.044645606691487205,-0.3283744457651051
2020,AXISBANK,Financial_Services,31.621960656592474,34.80206086413654,0.08335881843443117,1.529064226384442,624158400000.0,108184500000.0,,
2021,AXISBANK,Financial_Services,31.621960656592474,34.80206086413654,0.08335881843443117,1.529064226384442,624158400000.0,108184500000.0,,
2022,AXISBANK,Financial_Services,31.621960656592474,34.80206086413654,0.08335881843443117,1.529064226384442,624158400000.0,108184500000.0,,
2023,AXISBANK,Financial_Services,31.621960656592474,34.80206086413654,0.08335881843443117,1.529064226384442,624158400000.0,108184500000.0,,
2024,AXISBANK,Financial_Services,12.532550073936104,84.8822278952419,0.1680397942932371,1.4532826037780837,766030400000.0,263862000000.0,0.22730127480460088,1.4390000415956075
2025,AXISBANK,Financial_Services,13.805945240849173,90.25097363948123,0.14983863369065342,1.1786587574823555,848805500000.0,280551100000.0,0.10805719981870171,0.06324935003903556
2020,BAJAJ-AUTO,Automobile,15.37290670761493,220.80380144068457,0.20649505268815943,0.0,321359800000.0,61658700000.0,,
2021,BAJAJ-AUTO,Automobile,15.37290670761493,220.80380144068457,0.20649505268815943,0.0,321359800000.0,61658700000.0,,
2022,BAJAJ-AUTO,Automobile,15.37290670761493,220.80380144068457,0.20649505268815943,0.0,321359800000.0,61658700000.0,,
2023,BAJAJ-AUTO,Automobile,30.300405239550496,217.0200483514656,0.206399596206466,0.0,353915200000.0,60602100000.0,0.10130514146448934,-0.017136267874606502
2024,BAJAJ-AUTO,Automobile,31.08683949178185,276.0370709108597,0.26614636005774384,0.0616626862198277,437820800000.0,77082400000.0,0.2370782605550708,0.2719427214568472
2025,BAJAJ-AUTO,Automobile,35.38651235447587,262.3033292182004,0.20815550656261064,0.26248510176834977,492669500000.0,73247300000.0,0.12527659718313977,-0.049753251066391294
2020,BAJAJFINSV,Financial_Services,54.174833752572354,28.524432646016198,0.11322067841418448,3.239503761789757,615160000000.0,45567700000.0,,
2021,BAJAJFINSV,Financial_Services,54.174833752572354,28.524432646016198,0.11322067841418448,3.239503761789757,615160000000.0,45567700000.0,,
2022,BAJAJFINSV,Financial_Services,54.174833752572354,28.524432646016198,0.11322067841418448,3.239503761789757,615160000000.0,45567700000.0,,
2023,BAJAJFINSV,Financial_Services,41.91888485872106,40.17083836371527,0.13828157356142368,3.6114849504410294,738459200000.0,64172800000.0,0.2004343585408674,0.40829578846419723
2024,BAJAJFINSV,Financial_Services,30.729992870538375,51.003471114162956,0.13505679393959286,3.7922581355250626,998800700000.0,81477900000.0,0.3525468976485092,0.2696640944449985
2025,BAJAJFINSV,Financial_Services,36.486194394620966,55.53881565441661,0.12255365713607691,3.9291429237612214,1211924800000.0,88723100000.0,0.2133800066419657,0.08892227217441785
2020,BAJFINANCE,Financial_Services,57.267777076132994,11.306047869522558,0.16078237234999723,3.0400394027455184,201322100000.0,70282300000.0,,
2021,BAJFINANCE,Financial_Services,57.267777076132994,11.306047869522558,0.16078237234999723,3.0400394027455184,201322100000.0,70282300000.0,,
2022,BAJFINANCE,Financial_Services,57.267777076132994,11.306047869522558,0.16078237234999723,3.0400394027455184,201322100000.0,70282300000.0,,
2023,BAJFINANCE,Financial_Services,39.14455094882091,18.51198580689961,0.21164743310800893,3.024847357039416,269669000000.0,115076900000.0,0.33949029937597514,0.6373525055383787
2024,BAJFINANCE,Financial_Services,29.16996515717337,23.2470507923913,0.18842302695013452,2.8481141294746033,343263200000.0,144511700000.0,0.2729056732512821,0.25578374113310315
2025,BAJFINANCE,Financial_Services,36.96295875946654,26.764631971990074,0.1720687368158583,2.8477813307227304,423563300000.0,166378200000.0,0.23393157204151216,0.15131300787410293
2020,BHARTIARTL,Telecom,113.27545211532639,6.98608223368181,0.06393125613221085,2.549465624309774,1165469000000.0,42549000000.0,,
2021,BHARTIARTL,Telecom,113.27545211532639,6.98608223368181,0.06393125613221085,2.549465624309774,1165469000000.0,42549000000.0,,
2022,BHARTIARTL,Telecom,113.27545211532639,6.98608223368181,0.06393125613221085,2.549465624309774,1165469000000.0,42549000000.0,,
2023,BHARTIARTL,Telecom,74.28775704587608,13.7030585240746,0.10760170132885696,2.9140259067157106,1391448000000.0,83459000000.0,0.19389533312340354,0.9614797057510165
2024,BHARTIARTL,Telecom,128.432839182565,12.260000479189188,0.09104010300077543,2.628571742088399,1499824000000.0,74670000000.0,0.07788720814575895,-0.10530919373584634
2025,BHARTIARTL,Telecom,38.11203386439412,55.0954603026276,0.2952013646292531,1.879462734413694,1729852000000.0,335561000000.0,0.1533699954127951,3.4939199142895405
2020,BPCL,Energy,5.1690624183259395,26.925170504705374,0.22505270142231226,1.2432988951870723,3455960300000.0,116815000000.0,,
2021,BPCL,Energy,5.1690624183259395,26.925170504705374,0.22505270142231226,1.2432988951870723,3455960300000.0,116815000000.0,,
2022,BPCL,Energy,5.1690624183259395,26.925170504705374,0.22505270142231226,1.2432988951870723,3455960300000.0,116815000000.0,,
2023,BPCL,Energy,40.91187541009885,4.9119449218039115,0.039816069396043076,1.2962064826737834,4662577300000.0,21310500000.0,0.3491408741008975,-0.817570517484912
2024,BPCL,Energy,4.348016126612693,61.90804661718109,0.3551107415590458,0.7218744046250478,4466662600000.0,268588400000.0,-0.04201854197677323,11.603571009596209
2025,BPCL,Energy,11.69041155230258,30.73996342032517,0.16387173019588105,0.7507680863382618,4387377700000.0,133365500000.0,-0.017750366907050466,-0.5034577070342576
2020,BRITANNIA,Consumer_Staples,65.18194850328466,63.30513501868258,0.5960752120714593,0.969938626324225,139446700000.0,15248200000.0,,
2021,BRITANNIA,Consumer_Staples,65.18194850328466,63.30513501868258,0.5960752120714593,0.969938626324225,139446700000.0,15248200000.0,,
2022,BRITANNIA,Consumer_Staples,65.18194850328466,63.30513501868258,0.5960752120714593,0.969938626324225,139446700000.0,15248200000.0,,
2023,BRITANNIA,Consumer_Staples,53.96408590359587,96.39168120324146,0.6569305684059226,0.8509876155471993,159849000000.0,23217700000.0,0.14630894815008172,0.5226518539893233
2024,BRITANNIA,Consumer_Staples,52.918523103060444,88.83734536819242,0.5428895451500944,0.5263527776086383,165462100000.0,21398100000.0,0.035115014795212986,-0.07837124262954556
2025,BRITANNIA,Consumer_Staples,66.47639055082549,90.45316615682788,0.5001997373568549,0.29022526700522533,175350200000.0,21787300000.0,0.05976051313261466,0.018188530757403693
2020,CIPLA,Pharma,33.60910216650738,31.156277733830105,0.12075556252875846,0.05065712041585879,216233600000.0,25167500000.0,,
2021,CIPLA,Pharma,33.60910216650738,31.156277733830105,0.12075556252875846,0.05065712041585879,216233600000.0,25167500000.0,,
2022,CIPLA,Pharma,33.60910216650738,31.156277733830105,0.12075556252875846,0.05065712041585879,216233600000.0,25167500000.0,,
2023,CIPLA,Pharma,35.25180692259742,34.68643534129171,0.11969994591541787,0.03430996019272225,224731800000.0,28019100000.0,0.03930101519837805,0.11330485745505116
2024,CIPLA,Pharma,29.65014023464209,51.02300844099234,0.15432800265703803,0.0209466409400283,254466300000.0,41215500000.0,0.13231104810267172,0.47097872522672035
2025,CIPLA,Pharma,22.866021878864377,65.27151980815492,0.1690265103731713,0.014047500356645386,271454000000.0,52725200000.0,0.06675815225827546,0.27925659036042266
2020,COALINDIA,Energy,6.3701251359723585,28.16625864221712,0.4023383609499933,0.0814416415718503,1005625700000.0,173581000000.0,,
2021,COALINDIA,Energy,6.3701251359723585,28.16625864221712,0.4023383609499933,0.0814416415718503,1005625700000.0,173581000000.0,,
2022,COALINDIA,Energy,6.3701251359723585,28.16625864221712,0.4023383609499933,0.0814416415718503,1005625700000.0,173581000000.0,,
2023,COALINDIA,Energy,6.340990173576166,51.54085709220652,0.5220529320333521,0.07119019416060338,1274290300000.0,317632300000.0,0.2671616288247208,0.8298794222870015
2024,COALINDIA,Energy,5.827812832479111,60.691122527880985,0.45210189124158195,0.0788474235033624,1270744100000.0,374022900000.0,-0.002782882362048899,0.17753421172846717
2025,COALINDIA,Energy,6.84640935117738,57.374198770193495,0.35677502186571564,0.09228330944619097,1242688700000.0,353581600000.0,-0.022077930560527488,-0.05465253598108565
2020,DRREDDY,Pharma,29.346941229208024,28.306686347868816,0.12369900329087216,0.17763886483280586,214391000000.0,23568000000.0,,
2021,DRREDDY,Pharma,29.346941229208024,28.306686347868816,0.12369900329087216,0.17763886483280586,214391000000.0,23568000000.0,,
2022,DRREDDY,Pharma,29.346941229208024,28.306686347868816,0.12369900329087216,0.17763886483280586,214391000000.0,23568000000.0,,
2023,DRREDDY,Pharma,21.162446994420776,54.12837040221503,0.19510283950456944,0.05832261863016308,245879000000.0,45067000000.0,0.14687183697076836,0.9122114731839783
2024,DRREDDY,Pharma,20.63020210515067,66.88007139319107,0.19848155409018,0.07135982890750311,279164000000.0,55684000000.0,0.13537146319937857,0.23558257705194488
2025,DRREDDY,Pharma,18.638556607651445,67.91298679794188,0.16960418491367416,0.14027499490083625,325535000000.0,56544000000.0,0.16610666131736185,0.015444292795057827
2020,EICHERMOT,Automobile,51.00007813508418,61.11969324052939,0.1329790609137056,0.008542988578680202,101270700000.0,16766000000.0,,
2021,EICHERMOT,Automobile,51.00007813508418,61.11969324052939,0.1329790609137056,0.008542988578680202,101270700000.0,16766000000.0,,
2022,EICHERMOT,Automobile,51.00007813508418,61.11969324052939,0.1329790609137056,0.008542988578680202,101270700000.0,16766000000.0,,
2023,EICHERMOT,Automobile,38.08503999223151,106.22636223387106,0.19438863049923016,0.019239800724202616,141759000000.0,29139400000.0,0.399802707002124,0.7380054872957176
2024,EICHERMOT,Automobile,32.63636177411796,145.85500647279642,0.2217175112063763,0.023243429259212668,162340200000.0,40010100000.0,0.14518443273442955,0.37305847066171577
2025,EICHERMOT,Automobile,41.673458999797234,172.5918647654133,0.22231081272078168,0.02151199563871793,185382100000.0,47344400000.0,0.14193588525824163,0.1833112139184856
2020,GRASIM,Cement,15.220700916291769,111.33486794610478,0.09973522498478499,0.9848261973892917,945887400000.0,75497800000.0,,
2021,GRASIM,Cement,15.220700916291769,111.33486794610478,0.09973522498478499,0.9848261973892917,945887400000.0,75497800000.0,,
2022,GRASIM,Cement,15.220700916291769,111.33486794610478,0.09973522498478499,0.9848261973892917,945887400000.0,75497800000.0,,
2023,GRASIM,Cement,20.962722697012477,100.68003180671798,0.08670418413352265,1.3084171482077098,1164666500000.0,68272600000.0,0.23129507803994429,-0.0957008018776706
2024,GRASIM,Cement,29.343578683866514,82.94305945526715,0.06344430607631604,1.546984740401839,1295790000000.0,56244900000.0,0.11258458966579703,-0.17617169992061238
2025,GRASIM,Cement,52.00120463497753,54.64681003294421,0.03800337670597952,1.9107376809354355,1471782700000.0,37056800000.0,0.1358188441028253,-0.34115270895672317
2020,HCLTECH,Information_Technology,24.200207189082416,54.88879413515685,0.22706215121168105,0.07317483372830823,1014560000000.0,148510000000.0,,
2021,HCLTECH,Information_Technology,24.200207189082416,54.88879413515685,0.22706215121168105,0.07317483372830823,1014560000000.0,148510000000.0,,
2022,HCLTECH,Information_Technology,24.200207189082416,54.88879413515685,0.22706215121168105,0.07317483372830823,1014560000000.0,148510000000.0,,
2023,HCLTECH,Information_Technology,24.200207189082416,54.88879413515685,0.22706215121168105,0.07317483372830823,1014560000000.0,148510000000.0,,
2024,HCLTECH,Information_Technology,31.006383990796515,58.03406137702733,0.2300221203287286,0.08432093520648082,1099130000000.0,157020000000.0,0.08335633180886295,0.05730253854959262
2025,HCLTECH,Information_Technology,24.480936158753156,64.272852333875,0.24965903380948962,0.09014428253535281,1170550000000.0,173900000000.0,0.06497866494409214,0.10750222901541205
2020,HDFCBANK,Financial_Services,31.24526162214865,25.073028337928566,0.15410191731330852,0.8729660963357956,1019413700000.0,386000400000.0,,
2021,HDFCBANK,Financial_Services,31.24526162214865,25.073028337928566,0.15410191731330852,0.8729660963357956,1019413700000.0,386000400000.0,,
2022,HDFCBANK,Financial_Services,31.24526162214865,25.073028337928566,0.15410191731330852,0.8729660963357956,1019413700000.0,386000400000.0,,
2023,HDFCBANK,Financial_Services,25.8486618405169,32.18223132317703,0.17012800663086167,1.0822718365530233,1205375000000.0,495446900000.0,0.1824198556483987,0.28353986161672373
2024,HDFCBANK,Financial_Services,21.624364021574838,40.44526009972594,0.08962534283327428,1.164987862814699,1986934300000.0,622656600000.0,0.6483951467385668,0.25675748500999807
2025,HDFCBANK,Financial_Services,22.64998142441866,43.74838132740302,0.08773190408815736,0.9543063355044986,2371508200000.0,673508300000.0,0.1935513922126162,0.08166893276325987
2020,HEROMOTOCO,Automobile,20.873336210893537,115.79202269789126,0.1462062959679175,0.03818914407777038,289776400000.0,23168800000.0,,
2021,HEROMOTOCO,Automobile,20.873336210893537,115.79202269789126,0.1462062959679175,0.03818914407777038,289776400000.0,23168800000.0,,
2022,HEROMOTOCO,Automobile,20.873336210893537,115.79202269789126,0.1462062959679175,0.03818914407777038,289776400000.0,23168800000.0,,
2023,HEROMOTOCO,Automobile,26.991267381799435,140.43496085259767,0.16870992706944282,0.03407508719305313,337377200000.0,28099600000.0,0.16426734544290011,0.2128206898933048
2024,HEROMOTOCO,Automobile,20.95487920198437,187.1574878110839,0.2115852266691979,0.03426254257321916,375990300000.0,37448300000.0,0.11445082833101941,0.33269868610229325
2025,HEROMOTOCO,Automobile,25.59941838082651,218.8257723931593,0.22719338482070398,0.03631841776999217,407124900000.0,43784800000.0,0.0828069234764833,0.16920661285024954
2020,HINDALCO,Metals,7.560162182227912,61.40008632181342,0.17559565678914454,0.824762440690105,1938880000000.0,137300000000.0,,
2021,HINDALCO,Metals,7.560162182227912,61.40008632181342,0.17559565678914454,0.824762440690105,1938880000000.0,137300000000.0,,
2022,HINDALCO,Metals,7.560162182227912,61.40008632181342,0.17559565678914454,0.824762440690105,1938880000000.0,137300000000.0,,
2023,HINDALCO,Metals,13.440720634091564,45.15343565851057,0.10650169820475497,0.6359407632428328,2219370000000.0,100970000000.0,0.1446659927380756,-0.26460305899490166
2024,HINDALCO,Metals,13.16950198466245,45.41280965753935,0.09567011474761178,0.5309290976579428,2148070000000.0,101550000000.0,-0.032126234021366426,0.005744280479350302
2025,HINDALCO,Metals,12.35607095460774,71.55591997344038,0.12934386342141638,0.5167691922172194,2370220000000.0,160010000000.0,0.10341841746311806,0.5756770064007878
2020,HINDUNILVR,Consumer_Staples,64.14478577571204,37.78955150029835,0.18097878151688715,0.02125924869040582,515480000000.0,88790000000.0,,
2021,HINDUNILVR,Consumer_Staples,64.14478577571204,37.78955150029835,0.18097878151688715,0.02125924869040582,515480000000.0,88790000000.0,,
2022,HINDUNILVR,Consumer_Staples,64.14478577571204,37.78955150029835,0.18097878151688715,0.02125924869040582,515480000000.0,88790000000.0,,
2023,HINDUNILVR,Consumer_Staples,59.45100423618421,43.07132122795578,0.201176844783715,0.024232665394402036,595490000000.0,101200000000.0,0.15521455730581205,0.13976799189097872
2024,HINDUNILVR,Consumer_Staples,52.23365870260451,43.73952255530647,0.20065211449099926,0.028974188761763442,609660000000.0,102770000000.0,0.023795529731817495,0.015513833992094862
2025,HINDUNILVR,Consumer_Staples,50.530883590067276,45.322776655780736,0.21555807457187967,0.03335897332091818,622880000000.0,106490000000.0,0.021684217432667387,0.03619733385229153
2020,ICICIBANK,Financial_Services,20.641314666258516,47.503170651684975,0.15868061349758628,0.8555306835509656,1302384597000.0,340366408000.0,,
2021,ICICIBANK,Financial_Services,20.641314666258516,47.503170651684975,0.15868061349758628,0.8555306835509656,1302384597000.0,340366408000.0,,
2022,ICICIBANK,Financial_Services,20.641314666258516,47.503170651684975,0.15868061349758628,0.8555306835509656,1302384597000.0,340366408000.0,,
2023,ICICIBANK,Financial_Services,20.641314666258516,47.503170651684975,0.15868061349758628,0.8555306835509656,1302384597000.0,340366408000.0,,
2024,ICICIBANK,Financial_Services,20.591099104726258,61.766320452963406,0.17277938221355885,0.7847103000307781,1533819611000.0,442563735000.0,0.17770097598904572,0.3002567956118631
2025,ICICIBANK,Financial_Services,18.85035909871701,71.21880240951872,0.162562089493607,0.6487604844081014,2055592900000.0,510292000000.0,0.3401790440401404,0.1530361835905963
2020,INDUSINDBK,Financial_Services,16.552345154347872,95.53895004070897,0.13532497257766382,0.8910386087724053,254676829000.0,74434978000.0,,
2021,INDUSINDBK,Financial_Services,16.552345154347872,95.53895004070897,0.13532497257766382,0.8910386087724053,254676829000.0,74434978000.0,,
2022,INDUSINDBK,Financial_Services,16.552345154347872,95.53895004070897,0.13532497257766382,0.8910386087724053,254676829000.0,74434978000.0,,
2023,INDUSINDBK,Financial_Services,16.552345154347872,95.53895004070897,0.13532497257766382,0.8910386087724053,254676829000.0,74434978000.0,,
2024,INDUSINDBK,Financial_Services,8.332780827809529,115.22564246616108,0.1420288889035074,0.753254970432858,294653778000.0,89773000000.0,0.15697128457650147,0.206059334094248
2025,INDUSINDBK,Financial_Services,25.45554627060733,33.05762881905434,0.03972411070379839,0.8283023632596115,267217500000.0,25755400000.0,-0.09311361349658309,-0.7131052766421976
2020,INFY,Information_Technology,1971.8942590520471,0.7366607305444498,0.3250109027474924,0.11011774967291757,18212000000.0,2981000000.0,,
2021,INFY,Information_Technology,1971.8942590520471,0.7366607305444498,0.3250109027474924,0.11011774967291757,18212000000.0,2981000000.0,,
2022,INFY,Information_Technology,1971.8942590520471,0.7366607305444498,0.3250109027474924,0.11011774967291757,18212000000.0,2981000000.0,,
2023,INFY,Information_Technology,1971.8942590520471,0.7366607305444498,0.3250109027474924,0.11011774967291757,18212000000.0,2981000000.0,,
2024,INFY,Information_Technology,2333.1253855085733,0.7826248016216949,0.2999337058433564,0.09489534993844113,18562000000.0,3167000000.0,0.019218097957390733,0.062395169406239515
2025,INFY,Information_Technology,2077.90677997907,0.7804007336663443,0.2818384649709951,0.08585452922802321,19277000000.0,3158000000.0,0.03851955608231872,-0.002841806125670982
2020,ITC,Consumer_Staples,23.123524410145272,12.16544846036411,0.24405605456807136,0.003998682583474941,600813600000.0,152426600000.0,,
2021,ITC,Consumer_Staples,23.123524410145272,12.16544846036411,0.24405605456807136,0.003998682583474941,600813600000.0,152426600000.0,,
2022,ITC,Consumer_Staples,23.123524410145272,12.16544846036411,0.24405605456807136,0.003998682583474941,600813600000.0,152426600000.0,,
2023,ITC,Consumer_Staples,26.600865484270823,15.317218293843169,0.27751554979332016,0.004429742582126074,702452200000.0,191916600000.0,0.16916827448646302,0.25907551569083087
2024,ITC,Consumer_Staples,27.004355703081345,16.3285301680893,0.2745886963641,0.00407652972203954,673910400000.0,204587800000.0,-0.04063166148529394,0.06602451273105088
2025,ITC,Consumer_Staples,14.148916052590018,27.731927133213066,0.4961674309814144,0.004067396781810094,746533200000.0,347466300000.0,0.10776328722631376,0.6983725324774986
2020,JSWSTEEL,Metals,8.938702491680813,84.67064474171626,0.3070716376658692,1.0730195996849785,1438290000000.0,206650000000.0,,
2021,JSWSTEEL,Metals,8.938702491680813,84.67064474171626,0.3070716376658692,1.0730195996849785,1438290000000.0,206650000000.0,,
2022,JSWSTEEL,Metals,8.938702491680813,84.67064474171626,0.3070716376658692,1.0730195996849785,1438290000000.0,206650000000.0,,
2023,JSWSTEEL,Metals,51.301745737628224,16.979199216533857,0.06307938199254129,1.622726234873278,1636460000000.0,41440000000.0,0.13778167129021268,-0.7994676990079845
2024,JSWSTEEL,Metals,24.90152065207436,36.10538211778387,0.11345581892389499,1.3597316818808018,1725880000000.0,88120000000.0,0.0546423377290004,1.1264478764478765
2025,JSWSTEEL,Metals,77.42602685978952,14.35692906726222,0.044077689443494016,1.4997232565160512,1665750000000.0,35040000000.0,-0.03484019746448189,-0.6023604176123468
2020,KOTAKBANK,Financial_Services,29.97496514646492,12.15446046487099,0.12442082740289191,0.5676907770894756,459723509000.0,120893915000.0,,
2021,KOTAKBANK,Financial_Services,29.97496514646492,12.15446046487099,0.12442082740289191,0.5676907770894756,459723509000.0,120893915000.0,,
2022,KOTAKBANK,Financial_Services,29.97496514646492,12.15446046487099,0.12442082740289191,0.5676907770894756,459723509000.0,120893915000.0,,
2023,KOTAKBANK,Financial_Services,25.37517737922024,15.005340766821885,0.132885986355322,0.4659591663413648,518572514000.0,149250096000.0,0.12800956193867388,0.2345542453480806
2024,KOTAKBANK,Financial_Services,19.485227483145067,18.311236797752954,0.14013211261621666,0.5778612727125423,696695998000.0,182132075000.0,0.343488093161837,0.2203146254592694
2025,KOTAKBANK,Financial_Services,19.354394077321317,22.245078137031992,0.1404919699528787,0.550837466217033,762853099000.0,221259890000.0,0.09495834795939219,0.21483209368805578
2020,LT,Industrials,32.16945987652669,63.020697414764626,0.10520053596959311,1.5183338539160074,1556724600000.0,86693300000.0,,
2021,LT,Industrials,32.16945987652669,63.020697414764626,0.10520053596959311,1.5183338539160074,1556724600000.0,86693300000.0,,
2022,LT,Industrials,32.16945987652669,63.020697414764626,0.10520053596959311,1.5183338539160074,1556724600000.0,86693300000.0,,
2023,LT,Industrials,45.53820504387816,76.11569485008926,0.1172192403215415,1.3506762592505313,1816614200000.0,104707200000.0,0.166946420709225,0.2077888371996452
2024,LT,Industrials,37.65143531794049,94.93169827612132,0.15121844518316743,1.3469574303803507,2191156900000.0,130591100000.0,0.20617624809934879,0.24720267565172213
2025,LT,Industrials,37.068702921505526,109.31054179533267,0.15398103129774432,1.3558763655130888,2542086500000.0,150371100000.0,0.16015722105523342,0.1514651457871172
2020,M&M,Automobile,22.226392202240596,54.77620505902241,0.13957876723375431,1.6468773820821583,884404400000.0,65773200000.0,,
2021,M&M,Automobile,22.226392202240596,54.77620505902241,0.13957876723375431,1.6468773820821583,884404400000.0,65773200000.0,,
2022,M&M,Automobile,22.226392202240596,54.77620505902241,0.13957876723375431,1.6468773820821583,884404400000.0,65773200000.0,,
2023,M&M,Automobile,19.89080817188218,85.62477609639471,0.1824067399747258,1.6365751282825984,1190403800000.0,102815000000.0,0.34599488650214766,0.5631746668856008
2024,M&M,Automobile,31.78763272284754,93.84572065465908,0.17024545044572073,1.6108873547658993,1358030300000.0,112686400000.0,0.1408148226677368,0.09601128240042796
2025,M&M,Automobile,33.99424688145478,107.67410325612964,0.1678256921247277,1.6218997788908092,1556452600000.0,129291000000.0,0.14611036292783747,0.14735229805903818
2020,MARUTI,Automobile,66.0517671814173,123.39275568399131,0.07011123460471505,0.007689735874289535,851688000000.0,38795000000.0,,
2021,MARUTI,Automobile,66.0517671814173,123.39275568399131,0.07011123460471505,0.007689735874289535,851688000000.0,38795000000.0,,
2022,MARUTI,Automobile,66.0517671814173,123.39275568399131,0.07011123460471505,0.007689735874289535,851688000000.0,38795000000.0,,
2023,MARUTI,Automobile,38.41401937751422,262.838178926614,0.11077316146605505,0.016723815753845163,1137648000000.0,82637000000.0,0.33575675599515314,1.1300940842892124
2024,MARUTI,Automobile,25.03932706761186,429.01048259229583,0.1575061889859405,0.0013849315708346958,1364838000000.0,134882000000.0,0.19970148938863339,0.6322228541694398
2025,MARUTI,Automobile,36.095085925559644,461.19851423353805,0.15066723884792066,0.0009039909642466379,1474686000000.0,145002000000.0,0.080484277254883,0.07502854346762355
2020,NESTLEIND,Consumer_Staples,85.76105660675941,10.985812727875194,1.088384590881534,0.13690029696153885,146649000000.0,21184100000.0,,
2021,NESTLEIND,Consumer_Staples,85.76105660675941,10.985812727875194,1.088384590881534,0.13690029696153885,146649000000.0,21184100000.0,,
2022,NESTLEIND,Consumer_Staples,76.44032800747462,12.396941594044689,0.9720840771479808,0.1100045950462961,167895300000.0,23905200000.0,0.1448785876480576,0.12845011116828187
2023,NESTLEIND,Consumer_Staples,76.44032800747462,12.396941594044689,0.9720840771479808,0.1100045950462961,167895300000.0,23905200000.0,0.1448785876480576,0.12845011116828187
2024,NESTLEIND,Consumer_Staples,76.44032800747462,12.396941594044689,0.9720840771479808,0.1100045950462961,167895300000.0,23905200000.0,0.1448785876480576,0.12845011116828187
2025,NESTLEIND,Consumer_Staples,76.18403918099122,16.63416574119514,0.7998558678971924,0.29096979958655533,200775000000.0,32075900000.0,0.1448785876480576,0.12845011116828187
2020,NTPC,Utilities,8.69798060263842,17.19756024344109,0.12318415669095055,1.5564803040826087,1313293100000.0,166759000000.0,,
2021,NTPC,Utilities,8.69798060263842,17.19756024344109,0.12318415669095055,1.5564803040826087,1313293100000.0,166759000000.0,,
2022,NTPC,Utilities,8.69798060263842,17.19756024344109,0.12318415669095055,1.5564803040826087,1313293100000.0,166759000000.0,,
2023,NTPC,Utilities,16.842061153597186,17.44161319600199,0.11503322911619984,1.5161770760350222,1740761500000.0,169125500000.0,0.32549352463665576,0.014191138109487344
2024,NTPC,Utilities,15.014955190498082,21.462933458156332,0.12950024600323304,1.4755277029134661,1767196100000.0,208118900000.0,0.015185652945564341,0.2305589636098637
2025,NTPC,Utilities,13.3497499757564,24.155168050875165,0.12724676695686604,1.3586927468702865,1862462500000.0,234224600000.0,0.05390822218315217,0.12543646924906868
2020,ONGC,Energy,3.396151149199478,36.18529068757776,0.17484175834139137,0.46852449896547593,4893010620000.0,455221060000.0,,
2021,ONGC,Energy,3.396151149199478,36.18529068757776,0.17484175834139137,0.46852449896547593,4893010620000.0,455221060000.0,,
2022,ONGC,Energy,3.396151149199478,36.18529068757776,0.17484175834139137,0.46852449896547593,4893010620000.0,455221060000.0,,
2023,ONGC,Energy,6.239177258338343,29.180063016798517,0.12901047368268972,0.6211453450493228,6295101440000.0,367093340000.0,0.28654971936275914,-0.19359324017214846
2024,ONGC,Energy,5.696645722962732,39.06425699722264,0.14493788571735497,0.5638831533449269,5986442330000.0,491439260000.0,-0.04903163403193706,0.3387310704138626
2025,ONGC,Energy,7.962495510493404,28.795563601420437,0.10547860701194696,0.5468700258847766,6089508950000.0,362256230000.0,0.01721667299516105,-0.26286672741612055
2020,POWERGRID,Utilities,7.665932264597135,18.08922337454099,0.22065184617440683,1.8213913100729169,407899900000.0,168240700000.0,,
2021,POWERGRID,Utilities,7.665932264597135,18.08922337454099,0.22065184617440683,1.8213913100729169,407899900000.0,168240700000.0,,
2022,POWERGRID,Utilities,7.665932264597135,18.08922337454099,0.22065184617440683,1.8213913100729169,407899900000.0,168240700000.0,,
2023,POWERGRID,Utilities,13.168777155434917,16.57928915163481,0.18572117337773372,1.548711980265528,440052200000.0,154197400000.0,0.07882399578916298,-0.08347147866122763
2024,POWERGRID,Utilities,17.646327792247302,16.74424618344234,0.1787037735106422,1.4573819460437882,442027500000.0,155731600000.0,0.004488785648611687,0.009949584104530946
2025,POWERGRID,Utilities,15.427246603921247,16.688636890748523,0.1675045252782643,1.4516903815025683,440729200000.0,155214400000.0,-0.0029371475756598854,-0.00332109860811807
2020,RELIANCE,Energy,26.029022008872158,49.290326907746994,0.09317587501676278,0.46711143891645435,8778350000000.0,667020000000.0,,
2021,RELIANCE,Energy,26.029022008872158,49.290326907746994,0.09317587501676278,0.46711143891645435,8778350000000.0,667020000000.0,,
2022,RELIANCE,Energy,26.029022008872158,49.290326907746994,0.09317587501676278,0.46711143891645435,8778350000000.0,667020000000.0,,
2023,RELIANCE,Energy,26.029022008872158,49.290326907746994,0.09317587501676278,0.46711143891645435,8778350000000.0,667020000000.0,,
2024,RELIANCE,Energy,23.531136544639825,51.447360643522735,0.08774123135903696,0.43623224752703593,9010640000000.0,696210000000.0,0.026461692687122295,0.043761806242691374
2025,RELIANCE,Energy,29.918019214619896,51.46731265135622,0.08259962049335863,0.43830052182163187,9646930000000.0,696480000000.0,0.07061540578693633,0.0003878140216314043
2020,SBIN,Financial_Services,15.14569109589979,38.322332682973745,0.11575675281545889,1.497734010341362,2360910738000.0,353738798000.0,,
2021,SBIN,Financial_Services,15.14569109589979,38.322332682973745,0.11575675281545889,1.497734010341362,2360910738000.0,353738798000.0,,
2022,SBIN,Financial_Services,15.14569109589979,38.322332682973745,0.11575675281545889,1.497734010341362,2360910738000.0,353738798000.0,,
2023,SBIN,Financial_Services,10.26814708891227,60.286510931187436,0.15503849899354882,1.4545753024943409,2703369068000.0,556481728000.0,0.14505348486411093,0.5731430398539433
2024,SBIN,Financial_Services,10.722924654523002,72.67624888040726,0.16167349507516912,1.3411682321730378,3236135037000.0,670846661000.0,0.19707481871653937,0.20551426443241635
2025,SBIN,Financial_Services,11.585082384777683,84.02616225553166,0.1592515055886684,1.2691556209225405,3495234156000.0,775613371000.0,0.08006437186261335,0.1561708749415688
2020,SUNPHARMA,Pharma,70.84577237216193,13.640154630013999,0.06816594121124188,0.026874967976235554,384264200000.0,32727300000.0,,
2021,SUNPHARMA,Pharma,70.84577237216193,13.640154630013999,0.06816594121124188,0.026874967976235554,384264200000.0,32727300000.0,,
2022,SUNPHARMA,Pharma,70.84577237216193,13.640154630013999,0.06816594121124188,0.026874967976235554,384264200000.0,32727300000.0,,
2023,SUNPHARMA,Pharma,34.79464563269264,35.31636935212927,0.15132641300050112,0.12297210948474678,432788700000.0,84735800000.0,0.12627900283190577,1.5891472868217054
2024,SUNPHARMA,Pharma,46.52250013466972,39.91264296039498,0.15041414867258027,0.05141883322142248,477584500000.0,95763800000.0,0.10350501295435856,0.1301456999284836
2025,SUNPHARMA,Pharma,37.52112401865464,45.550288461806566,0.15133397453987246,0.03270914932311908,520412500000.0,109290400000.0,0.0896762771823625,0.14124961624329863
2020,TATASTEEL,Metals,3.245719189690227,32.195654767770556,0.3508638882714056,0.6602529083463704,2423268700000.0,401539300000.0,,
2021,TATASTEEL,Metals,3.245719189690227,32.195654767770556,0.3508638882714056,0.6602529083463704,2423268700000.0,401539300000.0,,
2022,TATASTEEL,Metals,3.245719189690227,32.195654767770556,0.3508638882714056,0.6602529083463704,2423268700000.0,401539300000.0,,
2023,TATASTEEL,Metals,19.037832584030582,7.0241397050693966,0.08498468696310998,0.8235479292719105,2416362500000.0,87604000000.0,-0.0028499522153692656,-0.781829574340544
2024,TATASTEEL,Metals,-37.91604271782112,-3.5579652176685017,-0.04821430278839443,0.9461770077196081,2272962000000.0,-44374400000.0,-0.05934560729195226,-1.5065339482215423
2025,TATASTEEL,Metals,64.10011513121898,2.742584825189138,0.03751808579238503,1.0398314658071992,2168403500000.0,34205100000.0,-0.04600098901785424,1.7708295774140044
2020,TCS,Information_Technology,30.327812908781933,116.48971947283891,0.4661041316464655,0.08502167566132886,2254580000000.0,421470000000.0,,
2021,TCS,Information_Technology,30.327812908781933,116.48971947283891,0.4661041316464655,0.08502167566132886,2254580000000.0,421470000000.0,,
2022,TCS,Information_Technology,30.327812908781933,116.48971947283891,0.4661041316464655,0.08502167566132886,2254580000000.0,421470000000.0,,
2023,TCS,Information_Technology,30.327812908781933,116.48971947283891,0.4661041316464655,0.08502167566132886,2254580000000.0,421470000000.0,,
2024,TCS,Information_Technology,30.630171005818802,126.88471401426172,0.507332382941573,0.0886406082507266,2408930000000.0,459080000000.0,0.06846064455463989,0.08923529551332242
2025,TCS,Information_Technology,23.762626551050037,134.19520605416156,0.5124002701675884,0.09911773396935286,2553240000000.0,485530000000.0,0.059906265437351856,0.057615230460921846
2020,TECHM,Information_Technology,22.06186548018469,54.55362832537029,0.17301294562122868,0.098128883238733,532902000000.0,48313000000.0,,
2021,TECHM,Information_Technology,22.06186548018469,54.55362832537029,0.17301294562122868,0.098128883238733,532902000000.0,48313000000.0,,
2022,TECHM,Information_Technology,22.06186548018469,54.55362832537029,0.17301294562122868,0.098128883238733,532902000000.0,48313000000.0,,
2023,TECHM,Information_Technology,22.06186548018469,54.55362832537029,0.17301294562122868,0.098128883238733,532902000000.0,48313000000.0,,
2024,TECHM,Information_Technology,62.283945887538195,26.62358886129159,0.08840843813509115,0.09511650055869274,519956000000.0,23578000000.0,-0.024293397285054287,-0.5119740028563741
2025,TECHM,Information_Technology,33.42450337632763,48.006696091178725,0.15538256309047385,0.07401640991904683,529883000000.0,42515000000.0,0.019092000092315504,0.8031639664093647
2020,TITAN,Consumer_Durables,105.029917286844,24.497058921209952,0.23358056540900785,0.7821132967859831,287360000000.0,21730000000.0,,
2021,TITAN,Consumer_Durables,105.029917286844,24.497058921209952,0.23358056540900785,0.7821132967859831,287360000000.0,21730000000.0,,
2022,TITAN,Consumer_Durables,105.029917286844,24.497058921209952,0.23358056540900785,0.7821132967859831,287360000000.0,21730000000.0,,
2023,TITAN,Consumer_Durables,99.68944075371995,36.63849125353536,0.2742384608893764,0.7903974348156274,404470000000.0,32500000000.0,0.40753758351893093,0.4956281638288081
2024,TITAN,Consumer_Durables,82.29498753684777,39.41174320687988,0.37219205791546894,1.653145959757266,509360000000.0,34960000000.0,0.2593270205454051,0.0756923076923077
2025,TITAN,Consumer_Durables,105.63999563654521,37.619275480937695,0.2870784583620096,1.7874225739848588,602980000000.0,33370000000.0,0.18379927752473693,-0.04548054919908467
2020,ULTRACEMCO,Cement,27.40970242743747,249.66240992208458,0.145618532427803,0.2041963887573121,517078500000.0,73443100000.0,,
2021,ULTRACEMCO,Cement,27.40970242743747,249.66240992208458,0.145618532427803,0.2041963887573121,517078500000.0,73443100000.0,,
2022,ULTRACEMCO,Cement,27.40970242743747,249.66240992208458,0.145618532427803,0.2041963887573121,517078500000.0,73443100000.0,,
2023,ULTRACEMCO,Cement,60.27135120958201,172.14421196123794,0.09321680404472822,0.20354962968853488,623376000000.0,50639600000.0,0.20557323501170519,-0.31049206800911183
2024,ULTRACEMCO,Cement,47.681844557148146,238.12790874897743,0.11630903368362748,0.1893313484143783,698095300000.0,70050000000.0,0.11986233027899694,0.3833047654404853
2025,ULTRACEMCO,Cement,57.01594403272998,205.29345253462344,0.08541063323922164,0.3408751382646952,749364500000.0,60391100000.0,0.07344154873983538,-0.13788579586009994
2020,WIPRO,Information_Technology,15.711408545306865,11.662796964836287,0.185656027883882,0.2673051151851075,790934000000.0,122191000000.0,,
2021,WIPRO,Information_Technology,15.711408545306865,11.662796964836287,0.185656027883882,0.2673051151851075,790934000000.0,122191000000.0,,
2022,WIPRO,Information_Technology,15.711408545306865,11.662796964836287,0.185656027883882,0.2673051151851075,790934000000.0,122191000000.0,,
2023,WIPRO,Information_Technology,20.347360597826576,10.833264769982392,0.14529599418303968,0.22359709356805998,904876000000.0,113500000000.0,0.14406006063717075,-0.07112635136794035
2024,WIPRO,Information_Technology,26.83980657512716,10.54234150109335,0.14729231093383902,0.2195662523353643,897603000000.0,110452000000.0,-0.00803756536807253,-0.02685462555066079
2025,WIPRO,Information_Technology,20.499858889259755,12.537380269570637,0.15858091605910354,0.23183980857385347,890884000000.0,131354000000.0,-0.007485491915691013,0.18924057509144243
